date,caption
2020-08-03 17:05:21,本日のお昼寝  #うちのねこ  #ねこすきさんと繋がりたい #ねことの暮らし  #ねこすたぐらむ  #ねこのいる生活  #ねこ写真  #ねこ #ねこ動画
2020-08-01 09:23:14,本日のお昼寝  #うちのねこ  #ねこすきさんと繋がりたい #ねことの暮らし  #ねこすたぐらむ  #ねこのいる生活  #ねこ写真  #ねこ #ねこ動画
2020-07-30 10:09:08,きいくん、早朝に何度か透明の嘔吐をしました。 大丈夫かな、、、😭 経験のある方、教えてくださると幸いです😢  #うちのねこ  #ねこすきさんと繋がりたい #ねことの暮らし  #ねこすたぐらむ  #ねこのいる生活  #ねこ写真  #ねこ #ねこ動画
2020-07-28 11:44:30,#うちのねこ  #ねこすきさんと繋がりたい #ねことの暮らし  #ねこすたぐらむ  #ねこのいる生活  #ねこ写真  #ねこ #ねこ動画
2020-07-27 13:26:02,今日のひるね  #うちのねこ  #ねこすきさんと繋がりたい #ねことの暮らし  #ねこすたぐらむ  #ねこのいる生活  #ねこ写真  #ねこ #ねこ動画
2020-07-26 10:23:52,きまってる笑 天気いいな〜🐈  #うちのねこ  #ねこすきさんと繋がりたい #ねことの暮らし  #ねこすたぐらむ  #ねこのいる生活  #ねこ写真  #ねこ #ねこ動画
2020-07-25 21:18:35,ねてらっしゃいます動画ver  #うちのねこ  #ねこすきさんと繋がりたい #ねことの暮らし  #ねこすたぐらむ  #ねこのいる生活  #ねこ写真  #ねこ #ねこ動画
2020-07-24 21:17:35,おこられて隠れるきい 頭隠してなんとかかんとか🐈  #うちのねこ  #ねこすきさんと繋がりたい #ねことの暮らし  #ねこすたぐらむ  #ねこのいる生活  #ねこ写真  #ねこ
2020-07-24 20:31:04,折りたたみ式きいちゃん🐈  #うちのねこ  #ねこすきさんと繋がりたい #ねことの暮らし  #ねこすたぐらむ  #ねこのいる生活  #ねこ写真  #ねこ
2020-07-24 07:22:23,😋  #うちのねこ  #ねこすきさんと繋がりたい #ねことの暮らし  #ねこすたぐらむ  #ねこのいる生活  #ねこ写真  #ねこ
2020-07-23 15:20:46,ねてらっしゃいますpart3  #うちのねこ  #ねこすきさんと繋がりたい #ねことの暮らし  #ねこすたぐらむ  #ねこのいる生活  #ねこ写真  #ねこ
2020-07-22 20:36:16,ねてらっしゃいますpart2  #うちのねこ  #ねこすきさんと繋がりたい #ねことの暮らし  #ねこすたぐらむ  #ねこのいる生活  #ねこ写真  #ねこ
2020-07-22 20:35:03,ねてらっしゃいます  #うちのねこ  #ねこすきさんと繋がりたい #ねことの暮らし  #ねこすたぐらむ  #ねこのいる生活  #ねこ写真  #ねこ
2020-07-22 20:06:04,鍵しっぽなので、きい。 ハイキュー観てる  #うちのねこ  #ねこすきさんと繋がりたい #ねことの暮らし  #ねこすたぐらむ  #ねこのいる生活  #ねこ写真  #ねこ
2020-07-22 19:58:56,あし1本だけうし。  #うちのねこ  #ねこすきさんと繋がりたい #ねことの暮らし  #ねこすたぐらむ  #ねこのいる生活  #ねこ写真  #ねこ
2020-07-22 09:37:19,うちに猫が来た 初日からこの寝相で真横で寝てくる懐っこい子笑  #うちのねこ  #ねこすきさんと繋がりたい #ねことの暮らし  #ねこすたぐらむ  #ねこのいる生活  #ねこ写真  #ねこ
